set_number,number,card,pack,rarity
A1,001,Bulbasaur,Mewtwo,common
A1,002,Ivysaur,Mewtwo,uncommon
A1,003,Venusaur,Mewtwo,rare
A1,004,Venusaur ex,Mewtwo,double_rare
A1,005,Caterpie,Pikachu,common
A1,006,Metapod,Pikachu,common
A1,007,Butterfree,Pikachu,rare
A1,008,Weedle,Mewtwo,common
A1,009,Kakuna,Mewtwo,common
A1,010,Beedrill,Mewtwo,rare
A1,011,Oddish,Charizard,common
A1,012,Gloom,Charizard,uncommon
A1,013,Vileplume,Charizard,rare
A1,014,Paras,Pikachu,common
A1,015,Parasect,Pikachu,uncommon
A1,016,Venonat,Mewtwo,common
A1,017,Venomoth,Mewtwo,uncommon
A1,018,Bellsprout,Charizard,common
A1,019,Weepinbell,Charizard,uncommon
A1,020,Victreebel,Charizard,rare
A1,021,Exeggcute,Charizard,common
A1,022,Exeggutor,Charizard,rare
A1,023,Exeggutor ex,Charizard,double_rare
A1,024,Tangela,Charizard,common
A1,025,Scyther,Mewtwo,common
A1,026,Pinsir,Pikachu|Charizard|Mewtwo,uncommon
A1,027,Cottonee,Pikachu|Charizard|Mewtwo,common
A1,028,Whimsicott,Pikachu|Charizard|Mewtwo,uncommon
A1,029,Petilil,Pikachu|Charizard|Mewtwo,common
A1,030,Lilligant,Pikachu|Charizard|Mewtwo,uncommon
A1,031,Skiddo,Charizard,common
A1,032,Gogoat,Charizard,common
A1,033,Charmander,Charizard,common
A1,034,Charmeleon,Charizard,uncommon
A1,035,Charizard,Charizard,rare
A1,036,Charizard ex,Charizard,double_rare
A1,037,Vulpix,Charizard,common
A1,038,Ninetales,Charizard,uncommon
A1,039,Growlithe,Pikachu,common
A1,040,Arcanine,Pikachu,rare
A1,041,Arcanine ex,Pikachu,double_rare
A1,042,Ponyta,Pikachu|Charizard|Mewtwo,common
A1,043,Rapidash,Pikachu|Charizard|Mewtwo,uncommon
A1,044,Magmar,Charizard,common
A1,045,Flareon,Charizard,rare
A1,046,Moltres,Charizard,rare
A1,047,Moltres ex,Charizard,double_rare
A1,048,Heatmor,Pikachu|Charizard|Mewtwo,common
A1,049,Salandit,Mewtwo,common
A1,050,Salazzle,Mewtwo,common
A1,051,Sizzlipede,Pikachu|Charizard|Mewtwo,common
A1,052,Centiskorch,Pikachu|Charizard|Mewtwo,uncommon
A1,053,Squirtle,Pikachu,common
A1,054,Wartortle,Pikachu,uncommon
A1,055,Blastoise,Pikachu,rare
A1,056,Blastoise ex,Pikachu,double_rare
A1,057,Psyduck,Pikachu|Charizard|Mewtwo,common
A1,058,Golduck,Pikachu|Charizard|Mewtwo,uncommon
A1,059,Poliwag,Charizard,common
A1,060,Poliwhirl,Charizard,uncommon
A1,061,Poliwrath,Charizard,rare
A1,062,Tentacool,Mewtwo,common
A1,063,Tentacruel,Mewtwo,uncommon
A1,064,Seel,Pikachu,common
A1,065,Dewgong,Pikachu,uncommon
A1,066,Shellder,Mewtwo,common
A1,067,Cloyster,Mewtwo,uncommon
A1,068,Krabby,Mewtwo,common
A1,069,Kingler,Mewtwo,uncommon
A1,070,Horsea,Pikachu,common
A1,071,Seadra,Pikachu,uncommon
A1,072,Goldeen,Pikachu,common
A1,073,Seaking,Pikachu,common
A1,074,Staryu,Charizard,common
A1,075,Starmie,Charizard,uncommon
A1,076,Starmie ex,Charizard,double_rare
A1,077,Magikarp,Pikachu,common
A1,078,Gyarados,Pikachu,rare
A1,079,Lapras,Charizard,rare
A1,080,Vaporeon,Mewtwo,rare
A1,081,Omanyte,Pikachu,uncommon
A1,082,Omastar,Pikachu,rare
A1,083,Articuno,Mewtwo,rare
A1,084,Articuno ex,Mewtwo,double_rare
A1,085,Ducklett,Charizard,common
A1,086,Swanna,Charizard,uncommon
A1,087,Froakie,Charizard,common
A1,088,Frogadier,Charizard,uncommon
A1,089,Greninja,Charizard,rare
A1,090,Pyukumuku,Charizard,common
A1,091,Bruxish,Pikachu|Charizard|Mewtwo,uncommon
A1,092,Snom,Pikachu|Charizard|Mewtwo,common
A1,093,Frosmoth,Pikachu|Charizard|Mewtwo,uncommon
A1,094,Pikachu,Pikachu,common
A1,095,Raichu,Pikachu,rare
A1,096,Pikachu ex,Pikachu,double_rare
A1,097,Magnemite,Pikachu,common
A1,098,Magneton,Pikachu,rare
A1,099,Voltorb,Pikachu,common
A1,100,Electrode,Pikachu,uncommon
A1,101,Electabuzz,Pikachu,common
A1,102,Jolteon,Pikachu,rare
A1,103,Zapdos,Pikachu,rare
A1,104,Zapdos ex,Pikachu,double_rare
A1,105,Blitzle,Pikachu|Charizard|Mewtwo,common
A1,106,Zebstrika,Pikachu|Charizard|Mewtwo,uncommon
A1,107,Tynamo,Mewtwo,common
A1,108,Eelektrik,Mewtwo,uncommon
A1,109,Eelektross,Mewtwo,rare
A1,110,Helioptile,Pikachu|Charizard|Mewtwo,common
A1,111,Heliolisk,Pikachu|Charizard|Mewtwo,common
A1,112,Pincurchin,Pikachu|Charizard|Mewtwo,uncommon
A1,113,Clefairy,Pikachu,common
A1,114,Clefable,Pikachu,uncommon
A1,115,Abra,Charizard,common
A1,116,Kadabra,Charizard,uncommon
A1,117,Alakazam,Charizard,rare
A1,118,Slowpoke,Pikachu|Charizard|Mewtwo,common
A1,119,Slowbro,Pikachu|Charizard|Mewtwo,uncommon
A1,120,Gastly,Mewtwo,common
A1,121,Haunter,Mewtwo,uncommon
A1,122,Gengar,Mewtwo,rare
A1,123,Gengar ex,Mewtwo,double_rare
A1,124,Drowzee,Pikachu,common
A1,125,Hypno,Pikachu,rare
A1,126,Mr. Mime,Mewtwo,uncommon
A1,127,Jynx,Mewtwo,common
A1,128,Mewtwo,Mewtwo,rare
A1,129,Mewtwo ex,Mewtwo,double_rare
A1,130,Ralts,Mewtwo,common
A1,131,Kirlia,Mewtwo,uncommon
A1,132,Gardevoir,Mewtwo,rare
A1,133,Woobat,Pikachu|Charizard|Mewtwo,common
A1,134,Swoobat,Pikachu|Charizard|Mewtwo,common
A1,135,Golett,Pikachu|Charizard|Mewtwo,common
A1,136,Golurk,Pikachu|Charizard|Mewtwo,uncommon
A1,137,Sandshrew,Pikachu|Charizard|Mewtwo,common
A1,138,Sandslash,Pikachu|Charizard|Mewtwo,uncommon
A1,139,Diglett,Pikachu,common
A1,140,Dugtrio,Pikachu,uncommon
A1,141,Mankey,Charizard,common
A1,142,Primeape,Charizard,uncommon
A1,143,Machop,Charizard,common
A1,144,Machoke,Charizard,uncommon
A1,145,Machamp,Charizard,rare
A1,146,Machamp ex,Charizard,double_rare
A1,147,Geodude,Pikachu,common
A1,148,Graveler,Pikachu,uncommon
A1,149,Golem,Pikachu,rare
A1,150,Onix,Pikachu,uncommon
A1,151,Cubone,Mewtwo,common
A1,152,Marowak,Mewtwo,uncommon
A1,153,Marowak ex,Mewtwo,double_rare
A1,154,Hitmonlee,Mewtwo,common
A1,155,Hitmonchan,Charizard,common
A1,156,Rhyhorn,Mewtwo,common
A1,157,Rhydon,Mewtwo,uncommon
A1,158,Kabuto,Charizard,uncommon
A1,159,Kabutops,Charizard,rare
A1,160,Mienfoo,Pikachu,common
A1,161,Mienshao,Pikachu,uncommon
A1,162,Clobbopus,Pikachu|Charizard|Mewtwo,common
A1,163,Grapploct,Pikachu|Charizard|Mewtwo,uncommon
A1,164,Ekans,Pikachu|Charizard|Mewtwo,common
A1,165,Arbok,Pikachu|Charizard|Mewtwo,uncommon
A1,166,Nidoran♀,Pikachu,common
A1,167,Nidorina,Pikachu,uncommon
A1,168,Nidoqueen,Pikachu,rare
A1,169,Nidoran♂,Pikachu,common
A1,170,Nidorino,Pikachu,uncommon
A1,171,Nidoking,Pikachu,rare
A1,172,Zubat,Mewtwo,common
A1,173,Golbat,Mewtwo,uncommon
A1,174,Grimer,Mewtwo,common
A1,175,Muk,Mewtwo,rare
A1,176,Koffing,Mewtwo,common
A1,177,Weezing,Mewtwo,rare
A1,178,Mawile,Charizard,common
A1,179,Pawniard,Pikachu|Charizard|Mewtwo,common
A1,180,Bisharp,Pikachu|Charizard|Mewtwo,uncommon
A1,181,Meltan,Charizard,common
A1,182,Melmetal,Charizard,rare
A1,183,Dratini,Mewtwo,common
A1,184,Dragonair,Mewtwo,uncommon
A1,185,Dragonite,Mewtwo,rare
A1,186,Pidgey,Mewtwo,common
A1,187,Pidgeotto,Mewtwo,common
A1,188,Pidgeot,Mewtwo,rare
A1,189,Rattata,Pikachu|Charizard|Mewtwo,common
A1,190,Raticate,Pikachu|Charizard|Mewtwo,common
A1,191,Spearow,Charizard,common
A1,192,Fearow,Charizard,common
A1,193,Jigglypuff,Pikachu,common
A1,194,Wigglytuff,Pikachu,common
A1,195,Wigglytuff ex,Pikachu,double_rare
A1,196,Meowth,Charizard,common
A1,197,Persian,Charizard,uncommon
A1,198,Farfetch'd,Pikachu|Charizard|Mewtwo,common
A1,199,Doduo,Pikachu|Charizard|Mewtwo,common
A1,200,Dodrio,Pikachu|Charizard|Mewtwo,uncommon
A1,201,Lickitung,Mewtwo,uncommon
A1,202,Chansey,Pikachu,uncommon
A1,203,Kangaskhan,Charizard,rare
A1,204,Tauros,Charizard,uncommon
A1,205,Ditto,Mewtwo,rare
A1,206,Eevee,Charizard,common
A1,207,Eevee,Mewtwo,common
A1,208,Eevee,Pikachu,common
A1,209,Porygon,Mewtwo,uncommon
A1,210,Aerodactyl,Mewtwo,rare
A1,211,Snorlax,Pikachu,rare
A1,212,Minccino,Pikachu|Charizard|Mewtwo,common
A1,213,Cinccino,Pikachu|Charizard|Mewtwo,uncommon
A1,214,Wooloo,Pikachu|Charizard|Mewtwo,common
A1,215,Dubwool,Pikachu|Charizard|Mewtwo,common
A1,216,Helix Fossil,Pikachu,common
A1,217,Dome Fossil,Charizard,common
A1,218,Old Amber,Mewtwo,common
A1,219,Erika,Charizard,uncommon
A1,220,Misty,Pikachu,uncommon
A1,221,Blaine,Charizard,uncommon
A1,222,Koga,Mewtwo,uncommon
A1,223,Giovanni,Mewtwo,uncommon
A1,224,Brock,Pikachu,uncommon
A1,225,Sabrina,Charizard,uncommon
A1,226,Lt. Surge,Pikachu,uncommon
A1,227,Bulbasaur,Mewtwo,illustration_rare
A1,228,Gloom,Charizard,illustration_rare
A1,229,Pinsir,Charizard,illustration_rare
A1,230,Charmander,Charizard,illustration_rare
A1,231,Rapidash,Charizard,illustration_rare
A1,232,Squirtle,Pikachu,illustration_rare
A1,233,Gyarados,Pikachu,illustration_rare
A1,234,Lapras,Charizard,illustration_rare
A1,235,Electrode,Pikachu,illustration_rare
A1,236,Alakazam,Charizard,illustration_rare
A1,237,Slowpoke,Charizard,illustration_rare
A1,238,Diglett,Pikachu,illustration_rare
A1,239,Cubone,Mewtwo,illustration_rare
A1,240,Nidoqueen,Pikachu,illustration_rare
A1,241,Nidoking,Pikachu,illustration_rare
A1,242,Golbat,Mewtwo,illustration_rare
A1,243,Weezing,Mewtwo,illustration_rare
A1,244,Dragonite,Mewtwo,illustration_rare
A1,245,Pidgeot,Mewtwo,illustration_rare
A1,246,Meowth,Charizard,illustration_rare
A1,247,Ditto,Mewtwo,illustration_rare
A1,248,Eevee,Pikachu,illustration_rare
A1,249,Porygon,Mewtwo,illustration_rare
A1,250,Snorlax,Pikachu,illustration_rare
A1,251,Venusaur ex,Mewtwo,special_art
A1,252,Exeggutor ex,Charizard,special_art
A1,253,Charizard ex,Charizard,special_art
A1,254,Arcanine ex,Pikachu,special_art
A1,255,Moltres ex,Charizard,special_art
A1,256,Blastoise ex,Pikachu,special_art
A1,257,Starmie ex,Charizard,special_art
A1,258,Articuno ex,Mewtwo,special_art
A1,259,Pikachu ex,Pikachu,special_art
A1,260,Zapdos ex,Pikachu,special_art
A1,261,Gengar ex,Mewtwo,special_art
A1,262,Mewtwo ex,Mewtwo,special_art
A1,263,Machamp ex,Charizard,special_art
A1,264,Marowak ex,Mewtwo,special_art
A1,265,Wigglytuff ex,Pikachu,special_art
A1,266,Erika,Charizard,special_art
A1,267,Misty,Pikachu,special_art
A1,268,Blaine,Charizard,special_art
A1,269,Koga,Mewtwo,special_art
A1,270,Giovanni,Mewtwo,special_art
A1,271,Brock,Pikachu,special_art
A1,272,Sabrina,Charizard,special_art
A1,273,Lt. Surge,Pikachu,special_art
A1,274,Moltres ex,Charizard,special_art
A1,275,Articuno ex,Mewtwo,special_art
A1,276,Zapdos ex,Pikachu,special_art
A1,277,Gengar ex,Mewtwo,special_art
A1,278,Machamp ex,Charizard,special_art
A1,279,Wigglytuff ex,Pikachu,special_art
A1,280,Charizard ex,Charizard,immersive_rare
A1,281,Pikachu ex,Pikachu,immersive_rare
A1,282,Mewtwo ex,Mewtwo,immersive_rare
A1,283,Mew,Pikachu|Charizard|Mewtwo,immersive_rare
A1,284,Charizard ex,Pikachu|Charizard|Mewtwo,crown_rare
A1,285,Pikachu ex,Pikachu|Charizard|Mewtwo,crown_rare
A1,286,Mewtwo ex,Pikachu|Charizard|Mewtwo,crown_rare
A1a,001,Exeggcute,Mew,common
A1a,002,Exeggutor,Mew,uncommon
A1a,003,Celebi ex,Mew,double_rare
A1a,004,Snivy,Mew,common
A1a,005,Servine,Mew,uncommon
A1a,006,Serperior,Mew,rare
A1a,007,Morelull,Mew,common
A1a,008,Shiinotic,Mew,uncommon
A1a,009,Dhelmise,Mew,uncommon
A1a,010,Ponyta,Mew,common
A1a,011,Rapidash,Mew,uncommon
A1a,012,Magmar,Mew,uncommon
A1a,013,Larvesta,Mew,common
A1a,014,Volcarona,Mew,rare
A1a,015,Salandit,Mew,common
A1a,016,Salazzle,Mew,common
A1a,017,Magikarp,Mew,common
A1a,018,Gyarados ex,Mew,double_rare
A1a,019,Vaporeon,Mew,rare
A1a,020,Finneon,Mew,common
A1a,021,Lumineon,Mew,uncommon
A1a,022,Chewtle,Mew,common
A1a,023,Drednaw,Mew,uncommon
A1a,024,Cramorant,Mew,common
A1a,025,Pikachu,Mew,common
A1a,026,Raichu,Mew,rare
A1a,027,Electabuzz,Mew,uncommon
A1a,028,Joltik,Mew,common
A1a,029,Galvantula,Mew,uncommon
A1a,030,Dedenne,Mew,common
A1a,031,Mew,Mew,rare
A1a,032,Mew ex,Mew,double_rare
A1a,033,Sigilyph,Mew,uncommon
A1a,034,Elgyem,Mew,common
A1a,035,Beheeyem,Mew,uncommon
A1a,036,Flabébé,Mew,common
A1a,037,Floette,Mew,common
A1a,038,Florges,Mew,uncommon
A1a,039,Swirlix,Mew,common
A1a,040,Slurpuff,Mew,common
A1a,041,Mankey,Mew,common
A1a,042,Primeape,Mew,common
A1a,043,Geodude,Mew,common
A1a,044,Graveler,Mew,uncommon
A1a,045,Golem,Mew,rare
A1a,046,Aerodactyl ex,Mew,double_rare
A1a,047,Marshadow,Mew,rare
A1a,048,Stonjourner,Mew,uncommon
A1a,049,Koffing,Mew,common
A1a,050,Weezing,Mew,uncommon
A1a,051,Purrloin,Mew,common
A1a,052,Liepard,Mew,common
A1a,053,Venipede,Mew,common
A1a,054,Whirlipede,Mew,common
A1a,055,Scolipede,Mew,uncommon
A1a,056,Druddigon,Mew,uncommon
A1a,057,Pidgey,Mew,common
A1a,058,Pidgeotto,Mew,common
A1a,059,Pidgeot ex,Mew,double_rare
A1a,060,Tauros,Mew,rare
A1a,061,Eevee,Mew,common
A1a,062,Chatot,Mew,common
A1a,063,Old Amber,Mew,common
A1a,064,Pokémon Flute,Mew,uncommon
A1a,065,Mythical Slab,Mew,uncommon
A1a,066,Budding Expeditioner,Mew,uncommon
A1a,067,Blue,Mew,uncommon
A1a,068,Leaf,Mew,uncommon
A1a,069,Exeggutor,Mew,illustration_rare
A1a,070,Serperior,Mew,illustration_rare
A1a,071,Salandit,Mew,illustration_rare
A1a,072,Vaporeon,Mew,illustration_rare
A1a,073,Dedenne,Mew,illustration_rare
A1a,074,Marshadow,Mew,illustration_rare
A1a,075,Celebi ex,Mew,special_art
A1a,076,Gyarados ex,Mew,special_art
A1a,077,Mew ex,Mew,special_art
A1a,078,Aerodactyl ex,Mew,special_art
A1a,079,Pidgeot ex,Mew,special_art
A1a,080,Budding Expeditioner,Mew,special_art
A1a,081,Blue,Mew,special_art
A1a,082,Leaf,Mew,special_art
A1a,083,Mew ex,Mew,special_art
A1a,084,Aerodactyl ex,Mew,special_art
A1a,085,Celebi ex,Mew,immersive_rare
A1a,086,Mew ex,Mew,crown_rare
A2,001,Oddish,Dialga|Palkia,common
A2,002,Gloom,Dialga|Palkia,common
A2,003,Bellossom,Dialga|Palkia,uncommon
A2,004,Tangela,Dialga,common
A2,005,Tangrowth,Dialga,uncommon
A2,006,Yanma,Dialga,common
A2,007,Yanmega ex,Dialga,double_rare
A2,008,Roselia,Dialga|Palkia,common
A2,009,Roserade,Dialga|Palkia,uncommon
A2,010,Turtwig,Palkia,common
A2,011,Grotle,Palkia,uncommon
A2,012,Torterra,Palkia,rare
A2,013,Kricketot,Palkia,common
A2,014,Kricketune,Palkia,common
A2,015,Burmy,Dialga|Palkia,common
A2,016,Wormadam,Dialga|Palkia,common
A2,017,Combee,Dialga,common
A2,018,Vespiquen,Dialga,uncommon
A2,019,Carnivine,Palkia,uncommon
A2,020,Leafeon,Dialga,rare
A2,021,Mow Rotom,Dialga|Palkia,common
A2,022,Shaymin,Dialga,rare
A2,023,Magmar,Palkia,common
A2,024,Magmortar,Palkia,rare
A2,025,Slugma,Dialga|Palkia,common
A2,026,Magcargo,Dialga|Palkia,uncommon
A2,027,Chimchar,Palkia,common
A2,028,Monferno,Palkia,uncommon
A2,029,Infernape ex,Palkia,double_rare
A2,030,Heat Rotom,Dialga|Palkia,common
A2,031,Swinub,Dialga,common
A2,032,Piloswine,Dialga,uncommon
A2,033,Mamoswine,Dialga,rare
A2,034,Regice,Palkia,uncommon
A2,035,Piplup,Palkia,common
A2,036,Prinplup,Palkia,uncommon
A2,037,Empoleon,Palkia,rare
A2,038,Buizel,Dialga|Palkia,common
A2,039,Floatzel,Dialga|Palkia,uncommon
A2,040,Shellos,Palkia,common
A2,041,Gastrodon,Palkia,uncommon
A2,042,Finneon,Dialga|Palkia,common
A2,043,Lumineon,Dialga|Palkia,uncommon
A2,044,Snover,Dialga|Palkia,common
A2,045,Abomasnow,Dialga|Palkia,uncommon
A2,046,Glaceon,Palkia,rare
A2,047,Wash Rotom,Dialga|Palkia,common
A2,048,Frost Rotom,Dialga|Palkia,common
A2,049,Palkia ex,Palkia,double_rare
A2,050,Manaphy,Palkia,uncommon
A2,051,Magnemite,Dialga|Palkia,common
A2,052,Magneton,Dialga|Palkia,uncommon
A2,053,Magnezone,Dialga|Palkia,rare
A2,054,Voltorb,Dialga|Palkia,common
A2,055,Electrode,Dialga|Palkia,uncommon
A2,056,Electabuzz,Dialga,common
A2,057,Electivire,Dialga,rare
A2,058,Shinx,Dialga,common
A2,059,Luxio,Dialga,uncommon
A2,060,Luxray,Dialga,rare
A2,061,Pachirisu ex,Dialga,double_rare
A2,062,Rotom,Palkia,common
A2,063,Togepi,Dialga|Palkia,common
A2,064,Togetic,Dialga|Palkia,uncommon
A2,065,Togekiss,Dialga|Palkia,rare
A2,066,Misdreavus,Palkia,common
A2,067,Mismagius ex,Palkia,double_rare
A2,068,Ralts,Dialga,common
A2,069,Kirlia,Dialga,common
A2,070,Duskull,Dialga,common
A2,071,Dusclops,Dialga,uncommon
A2,072,Dusknoir,Dialga,rare
A2,073,Drifloon,Dialga,common
A2,074,Drifblim,Dialga,uncommon
A2,075,Uxie,Dialga|Palkia,uncommon
A2,076,Mesprit,Dialga|Palkia,rare
A2,077,Azelf,Dialga|Palkia,uncommon
A2,078,Giratina,Palkia,rare
A2,079,Cresselia,Palkia,rare
A2,080,Rhyhorn,Palkia,common
A2,081,Rhydon,Palkia,uncommon
A2,082,Rhyperior,Palkia,rare
A2,083,Gligar,Dialga,common
A2,084,Gliscor,Dialga,uncommon
A2,085,Hitmontop,Dialga,common
A2,086,Nosepass,Dialga|Palkia,common
A2,087,Regirock,Dialga|Palkia,uncommon
A2,088,Cranidos,Dialga,uncommon
A2,089,Rampardos,Dialga,rare
A2,090,Wormadam,Dialga,common
A2,091,Riolu,Dialga,common
A2,092,Lucario,Dialga,rare
A2,093,Hippopotas,Palkia,common
A2,094,Hippowdon,Palkia,uncommon
A2,095,Gallade ex,Dialga,double_rare
A2,096,Murkrow,Dialga,common
A2,097,Honchkrow,Dialga,uncommon
A2,098,Sneasel,Palkia,common
A2,099,Weavile ex,Palkia,double_rare
A2,100,Poochyena,Dialga|Palkia,common
A2,101,Mightyena,Dialga|Palkia,uncommon
A2,102,Stunky,Dialga,common
A2,103,Skuntank,Dialga,uncommon
A2,104,Spiritomb,Palkia,uncommon
A2,105,Skorupi,Dialga|Palkia,common
A2,106,Drapion,Dialga|Palkia,uncommon
A2,107,Croagunk,Dialga,common
A2,108,Toxicroak,Dialga,uncommon
A2,109,Darkrai,Dialga,rare
A2,110,Darkrai ex,Dialga,double_rare
A2,111,Skarmory,Dialga|Palkia,uncommon
A2,112,Registeel,Dialga,uncommon
A2,113,Shieldon,Palkia,uncommon
A2,114,Bastiodon,Palkia,rare
A2,115,Wormadam,Palkia,common
A2,116,Bronzor,Dialga,common
A2,117,Bronzong,Dialga,uncommon
A2,118,Probopass,Dialga|Palkia,uncommon
A2,119,Dialga ex,Dialga,double_rare
A2,120,Heatran,Dialga,rare
A2,121,Gible,Palkia,common
A2,122,Gabite,Palkia,uncommon
A2,123,Garchomp,Palkia,rare
A2,124,Lickitung,Palkia,common
A2,125,Lickilicky ex,Palkia,double_rare
A2,126,Eevee,Dialga|Palkia,common
A2,127,Porygon,Palkia,common
A2,128,Porygon2,Palkia,uncommon
A2,129,Porygon-Z,Palkia,rare
A2,130,Aipom,Dialga|Palkia,common
A2,131,Ambipom,Dialga|Palkia,common
A2,132,Starly,Palkia,common
A2,133,Staravia,Palkia,common
A2,134,Staraptor,Palkia,uncommon
A2,135,Bidoof,Dialga,common
A2,136,Bibarel,Dialga,common
A2,137,Buneary,Dialga,common
A2,138,Lopunny,Dialga,common
A2,139,Glameow,Palkia,common
A2,140,Purugly,Palkia,uncommon
A2,141,Chatot,Palkia,common
A2,142,Fan Rotom,Dialga|Palkia,common
A2,143,Regigigas,Dialga|Palkia,rare
A2,144,Skull Fossil,Dialga,common
A2,145,Armor Fossil,Palkia,common
A2,146,Pokémon Communication,Dialga,uncommon
A2,147,Giant Cape,Dialga,uncommon
A2,148,Rocky Helmet,Palkia,uncommon
A2,149,Lum Berry,Palkia,uncommon
A2,150,Cyrus,Palkia,uncommon
A2,151,Team Galactic Grunt,Dialga,uncommon
A2,152,Cynthia,Palkia,uncommon
A2,153,Volkner,Dialga,uncommon
A2,154,Dawn,Dialga,uncommon
A2,155,Mars,Palkia,uncommon
A2,156,Tangrowth,Dialga,illustration_rare
A2,157,Combee,Dialga,illustration_rare
A2,158,Carnivine,Palkia,illustration_rare
A2,159,Shaymin,Dialga,illustration_rare
A2,160,Mamoswine,Dialga,illustration_rare
A2,161,Gastrodon,Palkia,illustration_rare
A2,162,Manaphy,Palkia,illustration_rare
A2,163,Shinx,Dialga,illustration_rare
A2,164,Rotom,Palkia,illustration_rare
A2,165,Drifloon,Dialga,illustration_rare
A2,166,Mesprit,Dialga,illustration_rare
A2,167,Giratina,Palkia,illustration_rare
A2,168,Cresselia,Palkia,illustration_rare
A2,169,Rhyperior,Palkia,illustration_rare
A2,170,Lucario,Dialga,illustration_rare
A2,171,Hippopotas,Palkia,illustration_rare
A2,172,Spiritomb,Palkia,illustration_rare
A2,173,Croagunk,Dialga,illustration_rare
A2,174,Heatran,Dialga,illustration_rare
A2,175,Garchomp,Palkia,illustration_rare
A2,176,Staraptor,Palkia,illustration_rare
A2,177,Bidoof,Dialga,illustration_rare
A2,178,Glameow,Palkia,illustration_rare
A2,179,Regigigas,Dialga,illustration_rare
A2,180,Yanmega ex,Dialga,special_art
A2,181,Infernape ex,Palkia,special_art
A2,182,Palkia ex,Palkia,special_art
A2,183,Pachirisu ex,Dialga,special_art
A2,184,Mismagius ex,Palkia,special_art
A2,185,Gallade ex,Dialga,special_art
A2,186,Weavile ex,Palkia,special_art
A2,187,Darkrai ex,Dialga,special_art
A2,188,Dialga ex,Dialga,special_art
A2,189,Lickilicky ex,Palkia,special_art
A2,190,Cyrus,Palkia,special_art
A2,191,Team Galactic Grunt,Dialga,special_art
A2,192,Cynthia,Palkia,special_art
A2,193,Volkner,Dialga,special_art
A2,194,Dawn,Dialga,special_art
A2,195,Mars,Palkia,special_art
A2,196,Yanmega ex,Dialga,special_art
A2,197,Infernape ex,Palkia,special_art
A2,198,Pachirisu ex,Dialga,special_art
A2,199,Mismagius ex,Palkia,special_art
A2,200,Gallade ex,Dialga,special_art
A2,201,Weavile ex,Palkia,special_art
A2,202,Darkrai ex,Dialga,special_art
A2,203,Lickilicky ex,Palkia,special_art
A2,204,Palkia ex,Palkia,immersive_rare
A2,205,Dialga ex,Dialga,immersive_rare
A2,206,Palkia ex,Dialga|Palkia,crown_rare
A2,207,Dialga ex,Dialga|Palkia,crown_rare
A2a,001,Heracross,Arceus,uncommon
A2a,002,Burmy,Arceus,common
A2a,003,Mothim,Arceus,uncommon
A2a,004,Combee,Arceus,common
A2a,005,Vespiquen,Arceus,uncommon
A2a,006,Cherubi,Arceus,common
A2a,007,Cherrim,Arceus,uncommon
A2a,008,Cherrim,Arceus,uncommon
A2a,009,Carnivine,Arceus,rare
A2a,010,Leafeon ex,Arceus,double_rare
A2a,011,Houndour,Arceus,common
A2a,012,Houndoom,Arceus,uncommon
A2a,013,Heatran,Arceus,rare
A2a,014,Marill,Arceus,common
A2a,015,Azumarill,Arceus,common
A2a,016,Barboach,Arceus,common
A2a,017,Whiscash,Arceus,uncommon
A2a,018,Snorunt,Arceus,common
A2a,019,Froslass,Arceus,uncommon
A2a,020,Snover,Arceus,common
A2a,021,Abomasnow,Arceus,rare
A2a,022,Glaceon ex,Arceus,double_rare
A2a,023,Origin Forme Palkia,Arceus,rare
A2a,024,Phione,Arceus,uncommon
A2a,025,Pikachu,Arceus,common
A2a,026,Raichu,Arceus,rare
A2a,027,Electrike,Arceus,common
A2a,028,Manectric,Arceus,uncommon
A2a,029,Clefairy,Arceus,common
A2a,030,Clefable,Arceus,uncommon
A2a,031,Gastly,Arceus,common
A2a,032,Haunter,Arceus,common
A2a,033,Gengar,Arceus,uncommon
A2a,034,Unown,Arceus,uncommon
A2a,035,Rotom,Arceus,rare
A2a,036,Sudowoodo,Arceus,uncommon
A2a,037,Phanpy,Arceus,common
A2a,038,Donphan,Arceus,uncommon
A2a,039,Larvitar,Arceus,common
A2a,040,Pupitar,Arceus,uncommon
A2a,041,Tyranitar,Arceus,rare
A2a,042,Nosepass,Arceus,common
A2a,043,Meditite,Arceus,common
A2a,044,Medicham,Arceus,uncommon
A2a,045,Gible,Arceus,common
A2a,046,Gabite,Arceus,common
A2a,047,Garchomp ex,Arceus,double_rare
A2a,048,Zubat,Arceus,common
A2a,049,Golbat,Arceus,common
A2a,050,Crobat,Arceus,rare
A2a,051,Croagunk,Arceus,common
A2a,052,Toxicroak,Arceus,uncommon
A2a,053,Magnemite,Arceus,common
A2a,054,Magneton,Arceus,common
A2a,055,Magnezone,Arceus,rare
A2a,056,Mawile,Arceus,common
A2a,057,Probopass ex,Arceus,double_rare
A2a,058,Bronzor,Arceus,common
A2a,059,Bronzong,Arceus,uncommon
A2a,060,Origin Forme Dialga,Arceus,rare
A2a,061,Giratina,Arceus,rare
A2a,062,Eevee,Arceus,common
A2a,063,Snorlax,Arceus,uncommon
A2a,064,Hoothoot,Arceus,common
A2a,065,Noctowl,Arceus,uncommon
A2a,066,Starly,Arceus,common
A2a,067,Staravia,Arceus,common
A2a,068,Staraptor,Arceus,uncommon
A2a,069,Shaymin,Arceus,rare
A2a,070,Arceus,Arceus,rare
A2a,071,Arceus ex,Arceus,double_rare
A2a,072,Irida,Arceus,uncommon
A2a,073,Celestic Town Elder,Arceus,uncommon
A2a,074,Barry,Arceus,uncommon
A2a,075,Adaman,Arceus,uncommon
A2a,076,Houndoom,Arceus,illustration_rare
A2a,077,Marill,Arceus,illustration_rare
A2a,078,Unown,Arceus,illustration_rare
A2a,079,Sudowoodo,Arceus,illustration_rare
A2a,080,Magnemite,Arceus,illustration_rare
A2a,081,Shaymin,Arceus,illustration_rare
A2a,082,Leafeon ex,Arceus,special_art
A2a,083,Glaceon ex,Arceus,special_art
A2a,084,Garchomp ex,Arceus,special_art
A2a,085,Probopass ex,Arceus,special_art
A2a,086,Arceus ex,Arceus,special_art
A2a,087,Irida,Arceus,special_art
A2a,088,Celestic Town Elder,Arceus,special_art
A2a,089,Barry,Arceus,special_art
A2a,090,Adaman,Arceus,special_art
A2a,091,Leafeon ex,Arceus,special_art
A2a,092,Glaceon ex,Arceus,special_art
A2a,093,Garchomp ex,Arceus,special_art
A2a,094,Probopass ex,Arceus,special_art
A2a,095,Arceus ex,Arceus,immersive_rare
A2a,096,Arceus ex,Arceus,crown_rare
A2b,001,Weedle,Shining Revelry,common
A2b,002,Kakuna,Shining Revelry,uncommon
A2b,003,Beedrill ex,Shining Revelry,double_rare
A2b,004,Pinsir,Shining Revelry,common
A2b,005,Sprigatito,Shining Revelry,common
A2b,006,Floragato,Shining Revelry,uncommon
A2b,007,Meowscarada,Shining Revelry,rare
A2b,008,Charmander,Shining Revelry,common
A2b,009,Charmeleon,Shining Revelry,uncommon
A2b,010,Charizard ex,Shining Revelry,double_rare
A2b,011,Magmar,Shining Revelry,common
A2b,012,Magmortar,Shining Revelry,rare
A2b,013,Paldean Tauros,Shining Revelry,uncommon
A2b,014,Tentacool,Shining Revelry,common
A2b,015,Tentacruel,Shining Revelry,uncommon
A2b,016,Buizel,Shining Revelry,common
A2b,017,Floatzel,Shining Revelry,uncommon
A2b,018,Wiglett,Shining Revelry,common
A2b,019,Wugtrio ex,Shining Revelry,double_rare
A2b,020,Dondozo,Shining Revelry,rare
A2b,021,Tatsugiri,Shining Revelry,uncommon
A2b,022,Pikachu ex,Shining Revelry,double_rare
A2b,023,Voltorb,Shining Revelry,common
A2b,024,Electrode,Shining Revelry,uncommon
A2b,025,Pachirisu,Shining Revelry,uncommon
A2b,026,Pawmi,Shining Revelry,common
A2b,027,Pawmo,Shining Revelry,uncommon
A2b,028,Pawmot,Shining Revelry,rare
A2b,029,Abra,Shining Revelry,common
A2b,030,Kadabra,Shining Revelry,uncommon
A2b,031,Alakazam,Shining Revelry,rare
A2b,032,Mr. Mime,Shining Revelry,common
A2b,033,Drifloon,Shining Revelry,common
A2b,034,Drifblim,Shining Revelry,uncommon
A2b,035,Giratina ex,Shining Revelry,double_rare
A2b,036,Gimmighoul,Shining Revelry,common
A2b,037,Machop,Shining Revelry,common
A2b,038,Machoke,Shining Revelry,common
A2b,039,Machamp,Shining Revelry,rare
A2b,040,Hitmonlee,Shining Revelry,common
A2b,041,Hitmonchan,Shining Revelry,common
A2b,042,Riolu,Shining Revelry,common
A2b,043,Lucario ex,Shining Revelry,double_rare
A2b,044,Flamigo,Shining Revelry,uncommon
A2b,045,Ekans,Shining Revelry,common
A2b,046,Arbok,Shining Revelry,uncommon
A2b,047,Paldean Wooper,Shining Revelry,common
A2b,048,Paldean Clodsire ex,Shining Revelry,double_rare
A2b,049,Spiritomb,Shining Revelry,uncommon
A2b,050,Shroodle,Shining Revelry,common
A2b,051,Grafaiai,Shining Revelry,rare
A2b,052,Tinkatink,Shining Revelry,common
A2b,053,Tinkatuff,Shining Revelry,uncommon
A2b,054,Tinkaton ex,Shining Revelry,double_rare
A2b,055,Varoom,Shining Revelry,common
A2b,056,Revavroom,Shining Revelry,uncommon
A2b,057,Gholdengo,Shining Revelry,rare
A2b,058,Rattata,Shining Revelry,common
A2b,059,Raticate,Shining Revelry,common
A2b,060,Jigglypuff,Shining Revelry,common
A2b,061,Wigglytuff,Shining Revelry,rare
A2b,062,Lickitung,Shining Revelry,common
A2b,063,Lickilicky,Shining Revelry,common
A2b,064,Bidoof,Shining Revelry,common
A2b,065,Bibarel ex,Shining Revelry,double_rare
A2b,066,Buneary,Shining Revelry,common
A2b,067,Lopunny,Shining Revelry,common
A2b,068,Cyclizar,Shining Revelry,uncommon
A2b,069,Iono,Shining Revelry,uncommon
A2b,070,Pokémon Center Lady,Shining Revelry,uncommon
A2b,071,Red,Shining Revelry,uncommon
A2b,072,Team Rocket Grunt,Shining Revelry,uncommon
A2b,073,Meowscarada,Shining Revelry,illustration_rare
A2b,074,Buizel,Shining Revelry,illustration_rare
A2b,075,Tatsugiri,Shining Revelry,illustration_rare
A2b,076,Grafaiai,Shining Revelry,illustration_rare
A2b,077,Gholdengo,Shining Revelry,illustration_rare
A2b,078,Wigglytuff,Shining Revelry,illustration_rare
A2b,079,Beedrill ex,Shining Revelry,special_art
A2b,080,Charizard ex,Shining Revelry,special_art
A2b,081,Wugtrio ex,Shining Revelry,special_art
A2b,082,Pikachu ex,Shining Revelry,special_art
A2b,083,Giratina ex,Shining Revelry,special_art
A2b,084,Lucario ex,Shining Revelry,special_art
A2b,085,Paldean Clodsire ex,Shining Revelry,special_art
A2b,086,Tinkaton ex,Shining Revelry,special_art
A2b,087,Bibarel ex,Shining Revelry,special_art
A2b,088,Iono,Shining Revelry,special_art
A2b,089,Pokémon Center Lady,Shining Revelry,special_art
A2b,090,Red,Shining Revelry,special_art
A2b,091,Team Rocket Grunt,Shining Revelry,special_art
A2b,092,Pikachu ex,Shining Revelry,special_art
A2b,093,Paldean Clodsire ex,Shining Revelry,special_art
A2b,094,Tinkaton ex,Shining Revelry,special_art
A2b,095,Bibarel ex,Shining Revelry,special_art
A2b,096,Giratina ex,Shining Revelry,immersive_rare
A2b,097,Weedle,Shining Revelry,shiny_rare
A2b,098,Kakuna,Shining Revelry,shiny_rare
A2b,099,Charmander,Shining Revelry,shiny_rare
A2b,100,Charmeleon,Shining Revelry,shiny_rare
A2b,101,Wiglett,Shining Revelry,shiny_rare
A2b,102,Dondozo,Shining Revelry,shiny_rare
A2b,103,Pachirisu,Shining Revelry,shiny_rare
A2b,104,Riolu,Shining Revelry,shiny_rare
A2b,105,Varoom,Shining Revelry,shiny_rare
A2b,106,Revavroom,Shining Revelry,shiny_rare
A2b,107,Beedrill ex,Shining Revelry,double_shiny_rare
A2b,108,Charizard ex,Shining Revelry,double_shiny_rare
A2b,109,Wugtrio ex,Shining Revelry,double_shiny_rare
A2b,110,Lucario ex,Shining Revelry,double_shiny_rare
A2b,111,Poké Ball,Shining Revelry,crown_rare
A3,001,Exeggcute,Lunala,common
A3,002,Alolan Exeggutor,Lunala,rare
A3,003,Surskit,Lunala|Solgaleo,common
A3,004,Masquerain,Lunala|Solgaleo,uncommon
A3,005,Maractus,Lunala,common
A3,006,Karrablast,Lunala|Solgaleo,common
A3,007,Phantump,Solgaleo,common
A3,008,Trevenant,Solgaleo,uncommon
A3,009,Rowlet,Solgaleo,common
A3,010,Rowlet,Lunala,common
A3,011,Dartrix,Lunala,uncommon
A3,012,Decidueye ex,Lunala,double_rare
A3,013,Grubbin,Lunala,common
A3,014,Fomantis,Lunala|Solgaleo,common
A3,015,Lurantis,Lunala|Solgaleo,uncommon
A3,016,Morelull,Lunala,common
A3,017,Shiinotic,Lunala,uncommon
A3,018,Bounsweet,Solgaleo,common
A3,019,Steenee,Solgaleo,uncommon
A3,020,Tsareena,Solgaleo,rare
A3,021,Wimpod,Solgaleo,common
A3,022,Golisopod,Solgaleo,rare
A3,023,Dhelmise ex,Solgaleo,double_rare
A3,024,Tapu Bulu,Solgaleo,rare
A3,025,Growlithe,Lunala|Solgaleo,common
A3,026,Arcanine,Lunala|Solgaleo,uncommon
A3,027,Alolan Marowak,Lunala,uncommon
A3,028,Fletchinder,Solgaleo,common
A3,029,Talonflame,Solgaleo,rare
A3,030,Litten,Solgaleo,common
A3,031,Litten,Lunala,common
A3,032,Torracat,Solgaleo,uncommon
A3,033,Incineroar ex,Solgaleo,double_rare
A3,034,Oricorio,Lunala,uncommon
A3,035,Salandit,Lunala|Solgaleo,common
A3,036,Salazzle,Lunala|Solgaleo,common
A3,037,Turtonator,Lunala,rare
A3,038,Alolan Sandshrew,Lunala|Solgaleo,common
A3,039,Alolan Sandslash,Lunala|Solgaleo,uncommon
A3,040,Alolan Vulpix,Lunala,common
A3,041,Alolan Ninetales,Lunala,rare
A3,042,Shellder,Solgaleo,common
A3,043,Cloyster,Solgaleo,uncommon
A3,044,Lapras,Lunala|Solgaleo,uncommon
A3,045,Popplio,Lunala,common
A3,046,Popplio,Solgaleo,common
A3,047,Brionne,Lunala,uncommon
A3,048,Primarina,Lunala,rare
A3,049,Crabominable ex,Solgaleo,double_rare
A3,050,Wishiwashi,Lunala,common
A3,051,Wishiwashi ex,Lunala,double_rare
A3,052,Dewpider,Solgaleo,common
A3,053,Araquanid,Solgaleo,uncommon
A3,054,Pyukumuku,Lunala,common
A3,055,Bruxish,Lunala|Solgaleo,common
A3,056,Tapu Fini,Lunala,rare
A3,057,Pikachu,Solgaleo,common
A3,058,Alolan Raichu ex,Solgaleo,double_rare
A3,059,Alolan Geodude,Solgaleo,common
A3,060,Alolan Graveler,Solgaleo,uncommon
A3,061,Alolan Golem,Solgaleo,rare
A3,062,Helioptile,Lunala|Solgaleo,common
A3,063,Heliolisk,Lunala|Solgaleo,common
A3,064,Charjabug,Lunala,uncommon
A3,065,Vikavolt,Lunala,rare
A3,066,Oricorio,Solgaleo,rare
A3,067,Togedemaru,Lunala,common
A3,068,Tapu Koko,Solgaleo,rare
A3,069,Mr. Mime,Solgaleo,uncommon
A3,070,Sableye,Lunala|Solgaleo,uncommon
A3,071,Spoink,Lunala|Solgaleo,common
A3,072,Grumpig,Lunala|Solgaleo,uncommon
A3,073,Lunatone,Lunala,common
A3,074,Shuppet,Lunala|Solgaleo,common
A3,075,Banette,Lunala|Solgaleo,common
A3,076,Oricorio,Solgaleo,uncommon
A3,077,Oricorio,Lunala,uncommon
A3,078,Cutiefly,Solgaleo,common
A3,079,Ribombee,Solgaleo,common
A3,080,Comfey,Solgaleo,rare
A3,081,Sandygast,Solgaleo,common
A3,082,Palossand,Solgaleo,rare
A3,083,Mimikyu,Lunala,common
A3,084,Tapu Lele,Lunala,rare
A3,085,Cosmog,Lunala|Solgaleo,common
A3,086,Cosmoem,Lunala|Solgaleo,uncommon
A3,087,Lunala ex,Lunala,double_rare
A3,088,Necrozma,Lunala,rare
A3,089,Cubone,Lunala,common
A3,090,Makuhita,Lunala|Solgaleo,common
A3,091,Hariyama,Lunala|Solgaleo,uncommon
A3,092,Solrock,Solgaleo,common
A3,093,Drilbur,Lunala|Solgaleo,common
A3,094,Timburr,Lunala,common
A3,095,Gurdurr,Lunala,uncommon
A3,096,Conkeldurr,Lunala,rare
A3,097,Crabrawler,Solgaleo,common
A3,098,Rockruff,Lunala,common
A3,099,Rockruff,Solgaleo,common
A3,100,Lycanroc,Solgaleo,rare
A3,101,Lycanroc,Lunala,rare
A3,102,Mudbray,Solgaleo,common
A3,103,Mudsdale,Solgaleo,uncommon
A3,104,Passimian ex,Lunala,double_rare
A3,105,Minior,Lunala,uncommon
A3,106,Alolan Rattata,Lunala,common
A3,107,Alolan Raticate,Lunala,uncommon
A3,108,Alolan Meowth,Solgaleo,common
A3,109,Alolan Persian,Solgaleo,rare
A3,110,Alolan Grimer,Lunala,common
A3,111,Alolan Muk ex,Lunala,double_rare
A3,112,Absol,Lunala,rare
A3,113,Trubbish,Lunala|Solgaleo,common
A3,114,Garbodor,Lunala|Solgaleo,uncommon
A3,115,Mareanie,Lunala,common
A3,116,Toxapex,Lunala,common
A3,117,Alolan Diglett,Lunala|Solgaleo,common
A3,118,Alolan Dugtrio,Lunala|Solgaleo,common
A3,119,Excadrill,Lunala|Solgaleo,uncommon
A3,120,Escavalier,Lunala|Solgaleo,uncommon
A3,121,Klefki,Solgaleo,rare
A3,122,Solgaleo ex,Solgaleo,double_rare
A3,123,Magearna,Solgaleo,rare
A3,124,Drampa,Solgaleo,rare
A3,125,Jangmo-o,Lunala,common
A3,126,Hakamo-o,Lunala,uncommon
A3,127,Kommo-o,Lunala,rare
A3,128,Tauros,Lunala|Solgaleo,uncommon
A3,129,Skitty,Lunala|Solgaleo,common
A3,130,Delcatty,Lunala|Solgaleo,uncommon
A3,131,Fletchling,Solgaleo,common
A3,132,Hawlucha,Solgaleo,uncommon
A3,133,Pikipek,Lunala|Solgaleo,common
A3,134,Trumbeak,Lunala|Solgaleo,common
A3,135,Toucannon,Lunala|Solgaleo,uncommon
A3,136,Yungoos,Solgaleo,common
A3,137,Gumshoos,Solgaleo,common
A3,138,Stufful,Lunala,common
A3,139,Bewear,Lunala,rare
A3,140,Oranguru,Lunala,rare
A3,141,Komala,Solgaleo,uncommon
A3,142,Big Malasada,Lunala|Solgaleo,uncommon
A3,143,Fishing Net,Lunala,uncommon
A3,144,Rare Candy,Lunala|Solgaleo,uncommon
A3,145,Rotom Dex,Solgaleo,uncommon
A3,146,Poison Barb,Lunala,uncommon
A3,147,Leaf Cape,Solgaleo,uncommon
A3,148,Acerola,Lunala,uncommon
A3,149,Ilima,Lunala,uncommon
A3,150,Kiawe,Lunala,uncommon
A3,151,Guzma,Lunala,uncommon
A3,152,Lana,Solgaleo,uncommon
A3,153,Sophocles,Solgaleo,uncommon
A3,154,Mallow,Solgaleo,uncommon
A3,155,Lillie,Solgaleo,uncommon
A3,156,Alolan Exeggutor,Lunala,illustration_rare
A3,157,Morelull,Lunala,illustration_rare
A3,158,Tsareena,Solgaleo,illustration_rare
A3,159,Tapu Bulu,Solgaleo,illustration_rare
A3,160,Alolan Marowak,Lunala,illustration_rare
A3,161,Turtonator,Lunala,illustration_rare
A3,162,Alolan Vulpix,Lunala,illustration_rare
A3,163,Pyukumuku,Lunala,illustration_rare
A3,164,Tapu Fini,Lunala,illustration_rare
A3,165,Oricorio,Solgaleo,illustration_rare
A3,166,Tapu Koko,Solgaleo,illustration_rare
A3,167,Cutiefly,Solgaleo,illustration_rare
A3,168,Comfey,Solgaleo,illustration_rare
A3,169,Sandygast,Solgaleo,illustration_rare
A3,170,Tapu Lele,Lunala,illustration_rare
A3,171,Cosmog,Lunala,illustration_rare
A3,172,Rockruff,Solgaleo,illustration_rare
A3,173,Mudsdale,Solgaleo,illustration_rare
A3,174,Minior,Lunala,illustration_rare
A3,175,Magearna,Solgaleo,illustration_rare
A3,176,Drampa,Solgaleo,illustration_rare
A3,177,Pikipek,Lunala,illustration_rare
A3,178,Bewear,Lunala,illustration_rare
A3,179,Komala,Solgaleo,illustration_rare
A3,180,Decidueye ex,Lunala,special_art
A3,181,Dhelmise ex,Solgaleo,special_art
A3,182,Incineroar ex,Solgaleo,special_art
A3,183,Crabominable ex,Solgaleo,special_art
A3,184,Wishiwashi ex,Lunala,special_art
A3,185,Alolan Raichu ex,Solgaleo,special_art
A3,186,Lunala ex,Lunala,special_art
A3,187,Passimian ex,Lunala,special_art
A3,188,Alolan Muk ex,Lunala,special_art
A3,189,Solgaleo ex,Solgaleo,special_art
A3,190,Acerola,Lunala,special_art
A3,191,Ilima,Lunala,special_art
A3,192,Kiawe,Lunala,special_art
A3,193,Guzma,Lunala,special_art
A3,194,Lana,Solgaleo,special_art
A3,195,Sophocles,Solgaleo,special_art
A3,196,Mallow,Solgaleo,special_art
A3,197,Lillie,Solgaleo,special_art
A3,198,Decidueye ex,Lunala,special_art
A3,199,Dhelmise ex,Solgaleo,special_art
A3,200,Incineroar ex,Solgaleo,special_art
A3,201,Crabominable ex,Solgaleo,special_art
A3,202,Wishiwashi ex,Lunala,special_art
A3,203,Alolan Raichu ex,Solgaleo,special_art
A3,204,Lunala ex,Lunala,special_art
A3,205,Passimian ex,Lunala,special_art
A3,206,Alolan Muk ex,Lunala,special_art
A3,207,Solgaleo ex,Solgaleo,special_art
A3,208,Guzma,Lunala,immersive_rare
A3,209,Lillie,Solgaleo,immersive_rare
A3,210,Bulbasaur,Solgaleo,shiny_rare
A3,211,Ivysaur,Solgaleo,shiny_rare
A3,212,Venusaur,Solgaleo,shiny_rare
A3,213,Exeggcute,Lunala,shiny_rare
A3,214,Exeggutor,Lunala,shiny_rare
A3,215,Squirtle,Lunala,shiny_rare
A3,216,Wartortle,Lunala,shiny_rare
A3,217,Blastoise,Lunala,shiny_rare
A3,218,Staryu,Solgaleo,shiny_rare
A3,219,Starmie,Solgaleo,shiny_rare
A3,220,Gastly,Lunala,shiny_rare
A3,221,Haunter,Lunala,shiny_rare
A3,222,Gengar,Lunala,shiny_rare
A3,223,Machop,Solgaleo,shiny_rare
A3,224,Machoke,Solgaleo,shiny_rare
A3,225,Machamp,Solgaleo,shiny_rare
A3,226,Cubone,Lunala,shiny_rare
A3,227,Marowak,Lunala,shiny_rare
A3,228,Jigglypuff,Solgaleo,shiny_rare
A3,229,Wigglytuff,Solgaleo,shiny_rare
A3,230,Venusaur ex,Solgaleo,double_shiny_rare
A3,231,Exeggutor ex,Lunala,double_shiny_rare
A3,232,Blastoise ex,Lunala,double_shiny_rare
A3,233,Starmie ex,Solgaleo,double_shiny_rare
A3,234,Gengar ex,Lunala,double_shiny_rare
A3,235,Machamp ex,Solgaleo,double_shiny_rare
A3,236,Marowak ex,Lunala,double_shiny_rare
A3,237,Wigglytuff ex,Solgaleo,double_shiny_rare
A3,238,Lunala ex,Lunala|Solgaleo,crown_rare
A3,239,Solgaleo ex,Lunala|Solgaleo,crown_rare
A3a,001,Lilminip,Extradimensional Crisis,common
A3a,002,Dressella,Extradimensional Crisis,common
A3a,003,Bauz,Extradimensional Crisis,common
A3a,004,Arboretoss,Extradimensional Crisis,uncommon
A3a,005,Silvarro,Extradimensional Crisis,rare
A3a,006,Masskito-ex,Extradimensional Crisis,double_rare
A3a,007,Schabelle,Extradimensional Crisis,uncommon
A3a,008,Katagami,Extradimensional Crisis,common
A3a,009,Kopplosio,Extradimensional Crisis,uncommon
A3a,010,Mantax,Extradimensional Crisis,common
A3a,011,Kanivanha,Extradimensional Crisis,common
A3a,012,Tohaido,Extradimensional Crisis,uncommon
A3a,013,Sheinux,Extradimensional Crisis,common
A3a,014,Luxio,Extradimensional Crisis,common
A3a,015,Luxtra,Extradimensional Crisis,rare
A3a,016,Elezeba,Extradimensional Crisis,common
A3a,017,Zebritz,Extradimensional Crisis,common
A3a,018,Emolga,Extradimensional Crisis,common
A3a,019,Kapu-Riki-ex,Extradimensional Crisis,double_rare
A3a,020,Voltriant,Extradimensional Crisis,uncommon
A3a,021,Zeraora,Extradimensional Crisis,rare
A3a,022,Piepi,Extradimensional Crisis,common
A3a,023,Pixi,Extradimensional Crisis,uncommon
A3a,024,Paragoni,Extradimensional Crisis,common
A3a,025,Trombork,Extradimensional Crisis,common
A3a,026,Bubungus,Extradimensional Crisis,common
A3a,027,Lamellux,Extradimensional Crisis,rare
A3a,028,Meditie,Extradimensional Crisis,common
A3a,029,Meditalis,Extradimensional Crisis,uncommon
A3a,030,Puppance,Extradimensional Crisis,common
A3a,031,Lepumentas,Extradimensional Crisis,uncommon
A3a,032,Wuffels,Extradimensional Crisis,common
A3a,033,Wolwerock-ex,Extradimensional Crisis,double_rare
A3a,034,Quartermak,Extradimensional Crisis,common
A3a,035,Sankabuh,Extradimensional Crisis,common
A3a,036,Colossand,Extradimensional Crisis,uncommon
A3a,037,Alola-Mauzi,Extradimensional Crisis,common
A3a,038,Alola-Snobilikat,Extradimensional Crisis,uncommon
A3a,039,Ganovil,Extradimensional Crisis,common
A3a,040,Rokkaiman,Extradimensional Crisis,common
A3a,041,Rabigator,Extradimensional Crisis,uncommon
A3a,042,Anego,Extradimensional Crisis,rare
A3a,043,Schlingking-ex,Extradimensional Crisis,double_rare
A3a,044,Venicro,Extradimensional Crisis,common
A3a,045,Agoyon,Extradimensional Crisis,rare
A3a,046,Alola-Digda,Extradimensional Crisis,common
A3a,047,Alola-Digdri-ex,Extradimensional Crisis,double_rare
A3a,048,Stollunior,Extradimensional Crisis,common
A3a,049,Stollrak,Extradimensional Crisis,common
A3a,050,Stolloss,Extradimensional Crisis,uncommon
A3a,051,Kastadur,Extradimensional Crisis,common
A3a,052,Tentantel,Extradimensional Crisis,uncommon
A3a,053,Muramura,Extradimensional Crisis,uncommon
A3a,054,Yorkleff,Extradimensional Crisis,common
A3a,055,Terribark,Extradimensional Crisis,common
A3a,056,Bissbark,Extradimensional Crisis,uncommon
A3a,057,Velursi ,Extradimensional Crisis,common
A3a,058,Kosturso,Extradimensional Crisis,uncommon
A3a,059,Kommandutan,Extradimensional Crisis,common
A3a,060,Typ:Null,Extradimensional Crisis,uncommon
A3a,061,Amigento,Extradimensional Crisis,rare
A3a,062,Kaguron,Extradimensional Crisis,rare
A3a,063,Bestienwand,Extradimensional Crisis,uncommon
A3a,064,Schutz,Extradimensional Crisis,uncommon
A3a,065,Elektrokabel,Extradimensional Crisis,uncommon
A3a,066,Bestienit,Extradimensional Crisis,uncommon
A3a,067,Gladio,Extradimensional Crisis,uncommon
A3a,068,LaBelle,Extradimensional Crisis,uncommon
A3a,069,Samantha,Extradimensional Crisis,uncommon
A3a,070,Bauz,Extradimensional Crisis,illustration_rare
A3a,071,Schabelle,Extradimensional Crisis,illustration_rare
A3a,072,Kopplosio,Extradimensional Crisis,illustration_rare
A3a,073,Alola-Mauzi,Extradimensional Crisis,illustration_rare
A3a,074,Amigento,Extradimensional Crisis,illustration_rare
A3a,075,Kaguron,Extradimensional Crisis,illustration_rare
A3a,076,Masskito-ex,Extradimensional Crisis,special_art
A3a,077,Kapu-Riki-ex,Extradimensional Crisis,special_art
A3a,078,Wolwerock-ex,Extradimensional Crisis,special_art
A3a,079,Schlingking-ex,Extradimensional Crisis,special_art
A3a,080,Alola-Digdri-ex,Extradimensional Crisis,special_art
A3a,081,Gladio,Extradimensional Crisis,special_art
A3a,082,LaBelle,Extradimensional Crisis,special_art
A3a,083,Samantha,Extradimensional Crisis,special_art
A3a,084,Kapu-Riki-ex,Extradimensional Crisis,special_art
A3a,085,Wolwerock-ex,Extradimensional Crisis,special_art
A3a,086,Schlingking-ex,Extradimensional Crisis,special_art
A3a,087,Alola-Digdri-ex,Extradimensional Crisis,special_art
A3a,088,Masskito-ex,Extradimensional Crisis,immersive_rare
A3a,089,Fukano,Extradimensional Crisis,shiny_rare
A3a,090,Arkani,Extradimensional Crisis,shiny_rare
A3a,091,Froxy,Extradimensional Crisis,shiny_rare
A3a,092,Amphizel,Extradimensional Crisis,shiny_rare
A3a,093,Quajutsu,Extradimensional Crisis,shiny_rare
A3a,094,Rossana,Extradimensional Crisis,shiny_rare
A3a,095,Taubis,Extradimensional Crisis,shiny_rare
A3a,096,Tauboga,Extradimensional Crisis,shiny_rare
A3a,097,Tauboss,Extradimensional Crisis,shiny_rare
A3a,098,Aerodactyl,Extradimensional Crisis,shiny_rare
A3a,099,Celebi-ex,Extradimensional Crisis,double_shiny_rare
A3a,100,Arkani-ex,Extradimensional Crisis,double_shiny_rare
A3a,101,Aerodactyl-ex,Extradimensional Crisis,double_shiny_rare
A3a,102,Tauboss-ex,Extradimensional Crisis,double_shiny_rare
A3a,103,Anego,Extradimensional Crisis,crown_rare
